{"quora.com": {"median_rtt": -1.0, "drop_rate": 100.0, "max_rtt": -1.0}, "wikipedia.org": {"median_rtt": 6.6669999999999998, "drop_rate": 0.0, "max_rtt": 119.575}, "whatsapp.com": {"median_rtt": 69.567499999999995, "drop_rate": 0.0, "max_rtt": 285.925}, "360.cn": {"median_rtt": 229.18849999999998, "drop_rate": 0.0, "max_rtt": 420.387}, "wikia.com": {"median_rtt": 5.4589999999999996, "drop_rate": 0.0, "max_rtt": 160.745}, "yandex.ru": {"median_rtt": 183.90800000000002, "drop_rate": 0.0, "max_rtt": 356.729}, "flipkart.com": {"median_rtt": 317.51049999999998, "drop_rate": 0.0, "max_rtt": 357.555}, "google.pl": {"median_rtt": 4.2335000000000003, "drop_rate": 0.0, "max_rtt": 99.772}, "tmall.com": {"median_rtt": 278.61500000000001, "drop_rate": 0.1, "max_rtt": 448.059}, "baidu.com": {"median_rtt": 270.40600000000001, "drop_rate": 0.0, "max_rtt": 395.143}, "t.co": {"median_rtt": 8.8125, "drop_rate": 0.0, "max_rtt": 131.736}, "netflix.com": {"median_rtt": -1.0, "drop_rate": 100.0, "max_rtt": -1.0}, "craigslist.org": {"median_rtt": 96.859999999999999, "drop_rate": 0.0, "max_rtt": 283.154}, "github.com": {"median_rtt": 75.538000000000011, "drop_rate": 0.0, "max_rtt": 249.335}, "naver.com": {"median_rtt": -1.0, "drop_rate": 100.0, "max_rtt": -1.0}, "popads.net": {"median_rtt": 13.858499999999999, "drop_rate": 0.0, "max_rtt": 83.07}, "cnn.com": {"median_rtt": 5.3135000000000003, "drop_rate": 0.0, "max_rtt": 238.837}, "blogspot.com": {"median_rtt": 15.918500000000002, "drop_rate": 0.0, "max_rtt": 107.067}, "office.com": {"median_rtt": -1.0, "drop_rate": 100.0, "max_rtt": -1.0}, "imgur.com": {"median_rtt": 7.1745000000000001, "drop_rate": 0.0, "max_rtt": 97.653}, "google.it": {"median_rtt": 4.0620000000000003, "drop_rate": 0.0, "max_rtt": 74.836}, "gmw.cn": {"median_rtt": 12.920000000000002, "drop_rate": 0.0, "max_rtt": 160.491}, "google.com.mx": {"median_rtt": 4.4965000000000002, "drop_rate": 0.0, "max_rtt": 122.283}, "360.com": {"median_rtt": 329.84199999999998, "drop_rate": 0.0, "max_rtt": 448.6}, "microsoft.com": {"median_rtt": -1.0, "drop_rate": 100.0, "max_rtt": -1.0}, "google.co.jp": {"median_rtt": 4.4530000000000003, "drop_rate": 0.0, "max_rtt": 85.495}, "aliexpress.com": {"median_rtt": 5.9550000000000001, "drop_rate": 0.0, "max_rtt": 238.718}, "ok.ru": {"median_rtt": 338.08199999999999, "drop_rate": 0.0, "max_rtt": 440.373}, "tianya.cn": {"median_rtt": 293.93050000000005, "drop_rate": 0.0, "max_rtt": 424.284}, "dropbox.com": {"median_rtt": 5.5030000000000001, "drop_rate": 0.0, "max_rtt": 26.321}, "google.com.br": {"median_rtt": 3.9695, "drop_rate": 0.0, "max_rtt": 88.447}, "google.fr": {"median_rtt": 6.6165000000000003, "drop_rate": 0.0, "max_rtt": 48.791}, "hao123.com": {"median_rtt": 180.0615, "drop_rate": 0.0, "max_rtt": 299.9}, "twitch.tv": {"median_rtt": -1.0, "drop_rate": 100.0, "max_rtt": -1.0}, "google.com.eg": {"median_rtt": 4.2965, "drop_rate": 0.0, "max_rtt": 105.091}, "taobao.com": {"median_rtt": 284.9855, "drop_rate": 0.0, "max_rtt": 391.377}, "xinhuanet.com": {"median_rtt": -1.0, "drop_rate": 100.0, "max_rtt": -1.0}, "amazon.com": {"median_rtt": -1.0, "drop_rate": 100.0, "max_rtt": -1.0}, "cnzz.com": {"median_rtt": 361.02600000000001, "drop_rate": 0.3, "max_rtt": 426.263}, "google.com.tw": {"median_rtt": 4.5824999999999996, "drop_rate": 0.0, "max_rtt": 131.72}, "google.com.tr": {"median_rtt": 5.4705000000000004, "drop_rate": 0.0, "max_rtt": 131.921}, "pinterest.com": {"median_rtt": 5.0705, "drop_rate": 0.0, "max_rtt": 33.474}, "instagram.com": {"median_rtt": 78.544499999999999, "drop_rate": 0.0, "max_rtt": 275.409}, "tumblr.com": {"median_rtt": -1.0, "drop_rate": 100.0, "max_rtt": -1.0}, "adobe.com": {"median_rtt": 45.410499999999999, "drop_rate": 0.0, "max_rtt": 258.798}, "xhamster.com": {"median_rtt": 155.91800000000001, "drop_rate": 0.1, "max_rtt": 229.88}, "amazon.in": {"median_rtt": -1.0, "drop_rate": 100.0, "max_rtt": -1.0}, "soso.com": {"median_rtt": 162.315, "drop_rate": 0.1, "max_rtt": 262.114}, "msn.com": {"median_rtt": -1.0, "drop_rate": 100.0, "max_rtt": -1.0}, "sina.com.cn": {"median_rtt": 321.57999999999998, "drop_rate": 0.0, "max_rtt": 441.474}, "ebay.com": {"median_rtt": -1.0, "drop_rate": 100.0, "max_rtt": -1.0}, "live.com": {"median_rtt": -1.0, "drop_rate": 100.0, "max_rtt": -1.0}, "xvideos.com": {"median_rtt": -1.0, "drop_rate": 100.0, "max_rtt": -1.0}, "google.com.au": {"median_rtt": 12.352499999999999, "drop_rate": 0.0, "max_rtt": 122.759}, "mail.ru": {"median_rtt": 274.50549999999998, "drop_rate": 0.0, "max_rtt": 522.294}, "onclickads.net": {"median_rtt": 145.68000000000001, "drop_rate": 0.0, "max_rtt": 247.785}, "google.com.hk": {"median_rtt": 12.275, "drop_rate": 0.0, "max_rtt": 103.103}, "google.co.in": {"median_rtt": 4.4420000000000002, "drop_rate": 0.0, "max_rtt": 69.045}, "google.co.id": {"median_rtt": 8.9984999999999999, "drop_rate": 0.0, "max_rtt": 204.9}, "microsoftonline.com": {"median_rtt": -1.0, "drop_rate": 100.0, "max_rtt": -1.0}, "twitter.com": {"median_rtt": 7.4725000000000001, "drop_rate": 0.0, "max_rtt": 167.951}, "google.de": {"median_rtt": 4.0034999999999998, "drop_rate": 0.0, "max_rtt": 88.147}, "haosou.com": {"median_rtt": 164.99450000000002, "drop_rate": 0.0, "max_rtt": 330.52}, "yahoo.com": {"median_rtt": 56.658999999999999, "drop_rate": 0.1, "max_rtt": 234.559}, "yahoo.co.jp": {"median_rtt": 139.95249999999999, "drop_rate": 0.0, "max_rtt": 350.461}, "coccoc.com": {"median_rtt": 218.75200000000001, "drop_rate": 0.0, "max_rtt": 381.407}, "pixnet.net": {"median_rtt": 154.61950000000002, "drop_rate": 0.0, "max_rtt": 280.391}, "apple.com": {"median_rtt": -1.0, "drop_rate": 100.0, "max_rtt": -1.0}, "amazon.de": {"median_rtt": -1.0, "drop_rate": 100.0, "max_rtt": -1.0}, "wordpress.com": {"median_rtt": 5.3629999999999995, "drop_rate": 0.0, "max_rtt": 41.643}, "alibaba.com": {"median_rtt": 7.3544999999999998, "drop_rate": 0.0, "max_rtt": 199.793}, "adf.ly": {"median_rtt": 7.7350000000000003, "drop_rate": 0.0, "max_rtt": 237.49}, "google.es": {"median_rtt": 4.3390000000000004, "drop_rate": 0.0, "max_rtt": 116.787}, "isanalyze.com": {"median_rtt": 72.161000000000001, "drop_rate": 0.0, "max_rtt": 234.071}, "qq.com": {"median_rtt": 289.78750000000002, "drop_rate": 0.0, "max_rtt": 477.212}, "paypal.com": {"median_rtt": -1.0, "drop_rate": 100.0, "max_rtt": -1.0}, "vk.com": {"median_rtt": 189.02449999999999, "drop_rate": 0.0, "max_rtt": 243.919}, "blogger.com": {"median_rtt": 6.7145000000000001, "drop_rate": 0.0, "max_rtt": 74.593}, "youtube.com": {"median_rtt": 4.3029999999999999, "drop_rate": 0.0, "max_rtt": 74.928}, "sohu.com": {"median_rtt": 181.40550000000002, "drop_rate": 0.0, "max_rtt": 224.1}, "stackoverflow.com": {"median_rtt": 5.641, "drop_rate": 0.0, "max_rtt": 72.507}, "google.ru": {"median_rtt": 9.8904999999999994, "drop_rate": 0.0, "max_rtt": 71.176}, "linkedin.com": {"median_rtt": 12.406500000000001, "drop_rate": 0.0, "max_rtt": 117.941}, "bing.com": {"median_rtt": 3.4175, "drop_rate": 0.0, "max_rtt": 79.119}, "weibo.com": {"median_rtt": 259.18000000000001, "drop_rate": 0.0, "max_rtt": 426.893}, "google.co.uk": {"median_rtt": 4.3734999999999999, "drop_rate": 0.0, "max_rtt": 105.231}, "google.co.kr": {"median_rtt": 4.1920000000000002, "drop_rate": 0.0, "max_rtt": 140.545}, "facebook.com": {"median_rtt": 74.564999999999998, "drop_rate": 0.0, "max_rtt": 261.204}, "pornhub.com": {"median_rtt": 151.15899999999999, "drop_rate": 0.0, "max_rtt": 241.494}, "reddit.com": {"median_rtt": 4.7330000000000005, "drop_rate": 0.0, "max_rtt": 212.454}, "godaddy.com": {"median_rtt": -1.0, "drop_rate": 100.0, "max_rtt": -1.0}, "youku.com": {"median_rtt": 161.04300000000001, "drop_rate": 0.0, "max_rtt": 272.725}, "google.com.ar": {"median_rtt": 4.2445000000000004, "drop_rate": 0.0, "max_rtt": 120.978}, "fc2.com": {"median_rtt": 32.454000000000001, "drop_rate": 0.0, "max_rtt": 125.266}, "google.ca": {"median_rtt": 4.4779999999999998, "drop_rate": 0.0, "max_rtt": 47.101}, "imdb.com": {"median_rtt": 103.995,