{"todayhumor.co.kr": {"median_rtt": 89.216999999999999, "drop_rate": 0.004, "max_rtt": 543.857}, "google.com": {"median_rtt": 4.6630000000000003, "drop_rate": 0.008, "max_rtt": 221.562}, "taobao.com": {"median_rtt": 312.84899999999999, "drop_rate": 0.044, "max_rtt": 1314.874}, "zanvarsity.ac.tz": {"median_rtt": 321.08600000000001, "drop_rate": 0.002, "max_rtt": 685.494}}